1611,Select an image from the following choices that can fill-in-the-blank provide in the passage. Left image is denoted by [0] and right image is denoted by [1],0,0,Image [0]
1612,Select an image from the following choices that can fill-in-the-blank provide in the passage. Left image is denoted by [0] and right image is denoted by [1],1,0,Image [0]
1613,Select an image from the following choices that can fill-in-the-blank provide in the passage. Left image is denoted by [0] and right image is denoted by [1],0,0,Image [0]
1614,Select an image from the following choices that can fill-in-the-blank provide in the passage. Left image is denoted by [0] and right image is denoted by [1],1,0,Image [0]
1615,Select an image from the following choices that can fill-in-the-blank provide in the passage. Left image is denoted by [0] and right image is denoted by [1],1,0,Image [0]
1616,Select an image from the following choices that can fill-in-the-blank provide in the passage. Left image is denoted by [0] and right image is denoted by [1],0,0,Image [0]
1617,Select an image from the following choices that can fill-in-the-blank provide in the passage. Left image is denoted by [0] and right image is denoted by [1],0,0,Image [0]
1618,Select an image from the following choices that can fill-in-the-blank provide in the passage. Left image is denoted by [0] and right image is denoted by [1],1,0,Image [0]
1619,Select an image from the following choices that can fill-in-the-blank provide in the passage. Left image is denoted by [0] and right image is denoted by [1],1,0,Image [0]
1620,Select an image from the following choices that can fill-in-the-blank provide in the passage. Left image is denoted by [0] and right image is denoted by [1],0,0,Image [0]
1621,Select an image from the following choices that can fill-in-the-blank provide in the passage. Left image is denoted by [0] and right image is denoted by [1],1,0,Image [0]
1622,Select an image from the following choices that can fill-in-the-blank provide in the passage. Left image is denoted by [0] and right image is denoted by [1],0,0,Image [0]
1623,Select an image from the following choices that can fill-in-the-blank provide in the passage. Left image is denoted by [0] and right image is denoted by [1],0,0,Image [0]
1624,Select an image from the following choices that can fill-in-the-blank provide in the passage. Left image is denoted by [0] and right image is denoted by [1],1,0,Image [0]
1625,Select an image from the following choices that can fill-in-the-blank provide in the passage. Left image is denoted by [0] and right image is denoted by [1],1,0,Image [0]
1626,Select an image from the following choices that can fill-in-the-blank provide in the passage. Left image is denoted by [0] and right image is denoted by [1],1,0,Image [0]
1627,Select an image from the following choices that can fill-in-the-blank provide in the passage. Left image is denoted by [0] and right image is denoted by [1],0,0,Image [0]
1628,Select an image from the following choices that can fill-in-the-blank provide in the passage. Left image is denoted by [0] and right image is denoted by [1],0,0,Image [0]
1629,Select an image from the following choices that can fill-in-the-blank provide in the passage. Left image is denoted by [0] and right image is denoted by [1],0,0,Image [0]
1630,Select an image from the following choices that can fill-in-the-blank provide in the passage. Left image is denoted by [0] and right image is denoted by [1],0,0,Image [0]
1631,Select an image from the following choices that can fill-in-the-blank provide in the passage. Left image is denoted by [0] and right image is denoted by [1],0,0,Image [0]
1632,Select an image from the following choices that can fill-in-the-blank provide in the passage. Left image is denoted by [0] and right image is denoted by [1],0,0,Image [0]
1633,Select an image from the following choices that can fill-in-the-blank provide in the passage. Left image is denoted by [0] and right image is denoted by [1],0,0,Image [0]
1634,Select an image from the following choices that can fill-in-the-blank provide in the passage. Left image is denoted by [0] and right image is denoted by [1],1,0,Image [0]
1635,Select an image from the following choices that can fill-in-the-blank provide in the passage. Left image is denoted by [0] and right image is denoted by [1],1,0,Image [0]
1636,Select an image from the following choices that can fill-in-the-blank provide in the passage. Left image is denoted by [0] and right image is denoted by [1],1,0,Image [0]
1637,Select an image from the following choices that can fill-in-the-blank provide in the passage. Left image is denoted by [0] and right image is denoted by [1],1,0,Image [0]
1638,Select an image from the following choices that can fill-in-the-blank provide in the passage. Left image is denoted by [0] and right image is denoted by [1],0,0,Image [0]
1639,Select an image from the following choices that can fill-in-the-blank provide in the passage. Left image is denoted by [0] and right image is denoted by [1],1,0,Image [0]
1640,Select an image from the following choices that can fill-in-the-blank provide in the passage. Left image is denoted by [0] and right image is denoted by [1],0,0,Image [0]
1641,Select an image from the following choices that can fill-in-the-blank provide in the passage. Left image is denoted by [0] and right image is denoted by [1],1,0,Image [0]
1642,Select an image from the following choices that can fill-in-the-blank provide in the passage. Left image is denoted by [0] and right image is denoted by [1],1,0,Image [0]
1643,Select an image from the following choices that can fill-in-the-blank provide in the passage. Left image is denoted by [0] and right image is denoted by [1],0,0,Image [0]
1644,Select an image from the following choices that can fill-in-the-blank provide in the passage. Left image is denoted by [0] and right image is denoted by [1],1,0,Image [0]
1645,Select an image from the following choices that can fill-in-the-blank provide in the passage. Left image is denoted by [0] and right image is denoted by [1],1,0,Image [0]
1646,Select an image from the following choices that can fill-in-the-blank provide in the passage. Left image is denoted by [0] and right image is denoted by [1],1,0,Image [0]
1647,Select an image from the following choices that can fill-in-the-blank provide in the passage. Left image is denoted by [0] and right image is denoted by [1],1,0,Image [0]
1648,Select an image from the following choices that can fill-in-the-blank provide in the passage. Left image is denoted by [0] and right image is denoted by [1],0,0,Image [0]
1649,Select an image from the following choices that can fill-in-the-blank provide in the passage. Left image is denoted by [0] and right image is denoted by [1],0,0,Image [0]
1650,Select an image from the following choices that can fill-in-the-blank provide in the passage. Left image is denoted by [0] and right image is denoted by [1],1,0,Image [0]
1651,Select an image from the following choices that can fill-in-the-blank provide in the passage. Left image is denoted by [0] and right image is denoted by [1],1,0,Image [0]
1652,Select an image from the following choices that can fill-in-the-blank provide in the passage. Left image is denoted by [0] and right image is denoted by [1],0,0,Image [0]
1653,Select an image from the following choices that can fill-in-the-blank provide in the passage. Left image is denoted by [0] and right image is denoted by [1],1,0,Image [0]
1654,Select an image from the following choices that can fill-in-the-blank provide in the passage. Left image is denoted by [0] and right image is denoted by [1],0,0,Image [0]
1655,Select an image from the following choices that can fill-in-the-blank provide in the passage. Left image is denoted by [0] and right image is denoted by [1],0,0,Image [0]
1656,Select an image from the following choices that can fill-in-the-blank provide in the passage. Left image is denoted by [0] and right image is denoted by [1],0,0,Image [0]
1657,Select an image from the following choices that can fill-in-the-blank provide in the passage. Left image is denoted by [0] and right image is denoted by [1],0,0,Image [0]
1658,Select an image from the following choices that can fill-in-the-blank provide in the passage. Left image is denoted by [0] and right image is denoted by [1],0,0,Image [0]
1659,Select an image from the following choices that can fill-in-the-blank provide in the passage. Left image is denoted by [0] and right image is denoted by [1],0,0,Image [0]
1660,Select an image from the following choices that can fill-in-the-blank provide in the passage. Left image is denoted by [0] and right image is denoted by [1],1,0,Image [0]
1661,Select an image from the following choices that can fill-in-the-blank provide in the passage. Left image is denoted by [0] and right image is denoted by [1],0,0,Image [0]
1662,Select an image from the following choices that can fill-in-the-blank provide in the passage. Left image is denoted by [0] and right image is denoted by [1],1,0,Image [0]
1663,Select an image from the following choices that can fill-in-the-blank provide in the passage. Left image is denoted by [0] and right image is denoted by [1],0,0,Image [0]
1664,Select an image from the following choices that can fill-in-the-blank provide in the passage. Left image is denoted by [0] and right image is denoted by [1],1,0,Image [0]
1665,Select an image from the following choices that can fill-in-the-blank provide in the passage. Left image is denoted by [0] and right image is denoted by [1],0,0,Image [0]
1666,Select an image from the following choices that can fill-in-the-blank provide in the passage. Left image is denoted by [0] and right image is denoted by [1],0,0,Image [0]
1667,Select an image from the following choices that can fill-in-the-blank provide in the passage. Left image is denoted by [0] and right image is denoted by [1],0,0,Image [0]
1668,Select an image from the following choices that can fill-in-the-blank provide in the passage. Left image is denoted by [0] and right image is denoted by [1],0,0,Image [0]
1669,Select an image from the following choices that can fill-in-the-blank provide in the passage. Left image is denoted by [0] and right image is denoted by [1],1,0,Image [0]
1670,Select an image from the following choices that can fill-in-the-blank provide in the passage. Left image is denoted by [0] and right image is denoted by [1],1,0,Image [0]
1671,Select an image from the following choices that can fill-in-the-blank provide in the passage. Left image is denoted by [0] and right image is denoted by [1],1,0,Image [0]
1672,Select an image from the following choices that can fill-in-the-blank provide in the passage. Left image is denoted by [0] and right image is denoted by [1],0,0,Image [0]
1673,Select an image from the following choices that can fill-in-the-blank provide in the passage. Left image is denoted by [0] and right image is denoted by [1],1,0,Image [0]
1674,Select an image from the following choices that can fill-in-the-blank provide in the passage. Left image is denoted by [0] and right image is denoted by [1],0,0,Image [0]
1675,Select an image from the following choices that can fill-in-the-blank provide in the passage. Left image is denoted by [0] and right image is denoted by [1],0,0,Image [0]
1676,Select an image from the following choices that can fill-in-the-blank provide in the passage. Left image is denoted by [0] and right image is denoted by [1],1,0,Image [0]
1677,Select an image from the following choices that can fill-in-the-blank provide in the passage. Left image is denoted by [0] and right image is denoted by [1],0,0,Image [0]
1678,Select an image from the following choices that can fill-in-the-blank provide in the passage. Left image is denoted by [0] and right image is denoted by [1],0,0,Image [0]
1679,Select an image from the following choices that can fill-in-the-blank provide in the passage. Left image is denoted by [0] and right image is denoted by [1],0,0,Image [0]
1680,Select an image from the following choices that can fill-in-the-blank provide in the passage. Left image is denoted by [0] and right image is denoted by [1],0,0,Image [0]
1681,Select an image from the following choices that can fill-in-the-blank provide in the passage. Left image is denoted by [0] and right image is denoted by [1],1,0,Image [0]
1682,Select an image from the following choices that can fill-in-the-blank provide in the passage. Left image is denoted by [0] and right image is denoted by [1],0,0,Image [0]
1683,Select an image from the following choices that can fill-in-the-blank provide in the passage. Left image is denoted by [0] and right image is denoted by [1],1,0,Image [0]
1684,Select an image from the following choices that can fill-in-the-blank provide in the passage. Left image is denoted by [0] and right image is denoted by [1],0,0,Image [0]
1685,Select an image from the following choices that can fill-in-the-blank provide in the passage. Left image is denoted by [0] and right image is denoted by [1],1,0,Image [0]
1686,Select an image from the following choices that can fill-in-the-blank provide in the passage. Left image is denoted by [0] and right image is denoted by [1],0,0,Image [0]
1687,Select an image from the following choices that can fill-in-the-blank provide in the passage. Left image is denoted by [0] and right image is denoted by [1],0,0,Image [0]
1688,Select an image from the following choices that can fill-in-the-blank provide in the passage. Left image is denoted by [0] and right image is denoted by [1],0,0,Image [0]
1689,Select an image from the following choices that can fill-in-the-blank provide in the passage. Left image is denoted by [0] and right image is denoted by [1],0,0,Image [0]
1690,Select an image from the following choices that can fill-in-the-blank provide in the passage. Left image is denoted by [0] and right image is denoted by [1],0,0,Image [0]
1691,Select an image from the following choices that can fill-in-the-blank provide in the passage. Left image is denoted by [0] and right image is denoted by [1],1,0,Image [0]
1692,Select an image from the following choices that can fill-in-the-blank provide in the passage. Left image is denoted by [0] and right image is denoted by [1],1,0,Image [0]
1693,Select an image from the following choices that can fill-in-the-blank provide in the passage. Left image is denoted by [0] and right image is denoted by [1],0,0,Image [0]
1694,Select an image from the following choices that can fill-in-the-blank provide in the passage. Left image is denoted by [0] and right image is denoted by [1],1,0,Image [0]
1695,Select an image from the following choices that can fill-in-the-blank provide in the passage. Left image is denoted by [0] and right image is denoted by [1],0,0,Image [0]
1696,Select an image from the following choices that can fill-in-the-blank provide in the passage. Left image is denoted by [0] and right image is denoted by [1],1,0,Image [0]
1697,Select an image from the following choices that can fill-in-the-blank provide in the passage. Left image is denoted by [0] and right image is denoted by [1],0,0,Image [0]
1698,Select an image from the following choices that can fill-in-the-blank provide in the passage. Left image is denoted by [0] and right image is denoted by [1],0,0,Image [0]
1699,Select an image from the following choices that can fill-in-the-blank provide in the passage. Left image is denoted by [0] and right image is denoted by [1],0,0,Image [0]
1700,Select an image from the following choices that can fill-in-the-blank provide in the passage. Left image is denoted by [0] and right image is denoted by [1],0,0,Image [0]
1701,Select an image from the following choices that can fill-in-the-blank provide in the passage. Left image is denoted by [0] and right image is denoted by [1],1,0,Image [0]
1702,Select an image from the following choices that can fill-in-the-blank provide in the passage. Left image is denoted by [0] and right image is denoted by [1],1,0,Image [0]
1703,Select an image from the following choices that can fill-in-the-blank provide in the passage. Left image is denoted by [0] and right image is denoted by [1],1,0,Image [0]
1704,Select an image from the following choices that can fill-in-the-blank provide in the passage. Left image is denoted by [0] and right image is denoted by [1],1,0,Image [0]
1705,Select an image from the following choices that can fill-in-the-blank provide in the passage. Left image is denoted by [0] and right image is denoted by [1],0,0,Image [0]
1706,Select an image from the following choices that can fill-in-the-blank provide in the passage. Left image is denoted by [0] and right image is denoted by [1],1,0,Image [0]
1707,Select an image from the following choices that can fill-in-the-blank provide in the passage. Left image is denoted by [0] and right image is denoted by [1],0,0,Image [0]
1708,Select an image from the following choices that can fill-in-the-blank provide in the passage. Left image is denoted by [0] and right image is denoted by [1],1,0,Image [0]
1709,Select an image from the following choices that can fill-in-the-blank provide in the passage. Left image is denoted by [0] and right image is denoted by [1],0,0,Image [0]
1710,Select an image from the following choices that can fill-in-the-blank provide in the passage. Left image is denoted by [0] and right image is denoted by [1],0,0,Image [0]
1711,Select an image from the following choices that can fill-in-the-blank provide in the passage. Left image is denoted by [0] and right image is denoted by [1],0,0,Image [0]
1712,Select an image from the following choices that can fill-in-the-blank provide in the passage. Left image is denoted by [0] and right image is denoted by [1],1,0,Image [0]
1713,Select an image from the following choices that can fill-in-the-blank provide in the passage. Left image is denoted by [0] and right image is denoted by [1],1,0,Image [0]
1714,Select an image from the following choices that can fill-in-the-blank provide in the passage. Left image is denoted by [0] and right image is denoted by [1],0,0,Image [0]
1715,Select an image from the following choices that can fill-in-the-blank provide in the passage. Left image is denoted by [0] and right image is denoted by [1],1,0,Image [0]
1716,Select an image from the following choices that can fill-in-the-blank provide in the passage. Left image is denoted by [0] and right image is denoted by [1],0,0,Image [0]
1717,Select an image from the following choices that can fill-in-the-blank provide in the passage. Left image is denoted by [0] and right image is denoted by [1],1,0,Image [0]
1718,Select an image from the following choices that can fill-in-the-blank provide in the passage. Left image is denoted by [0] and right image is denoted by [1],1,0,Image [0]
1719,Select an image from the following choices that can fill-in-the-blank provide in the passage. Left image is denoted by [0] and right image is denoted by [1],1,0,Image [0]
1720,Select an image from the following choices that can fill-in-the-blank provide in the passage. Left image is denoted by [0] and right image is denoted by [1],1,0,Image [0]
1721,Select an image from the following choices that can fill-in-the-blank provide in the passage. Left image is denoted by [0] and right image is denoted by [1],0,0,Image [0]
1722,Select an image from the following choices that can fill-in-the-blank provide in the passage. Left image is denoted by [0] and right image is denoted by [1],0,0,Image [0]
1723,Select an image from the following choices that can fill-in-the-blank provide in the passage. Left image is denoted by [0] and right image is denoted by [1],1,0,Image [0]
1724,Select an image from the following choices that can fill-in-the-blank provide in the passage. Left image is denoted by [0] and right image is denoted by [1],0,0,Image [0]
1725,Select an image from the following choices that can fill-in-the-blank provide in the passage. Left image is denoted by [0] and right image is denoted by [1],1,0,Image [0]
1726,Select an image from the following choices that can fill-in-the-blank provide in the passage. Left image is denoted by [0] and right image is denoted by [1],0,0,Image [0]
1727,Select an image from the following choices that can fill-in-the-blank provide in the passage. Left image is denoted by [0] and right image is denoted by [1],0,0,Image [0]
1728,Select an image from the following choices that can fill-in-the-blank provide in the passage. Left image is denoted by [0] and right image is denoted by [1],1,0,Image [0]
1729,Select an image from the following choices that can fill-in-the-blank provide in the passage. Left image is denoted by [0] and right image is denoted by [1],1,0,Image [0]
1730,Select an image from the following choices that can fill-in-the-blank provide in the passage. Left image is denoted by [0] and right image is denoted by [1],1,0,Image [0]
1731,Select an image from the following choices that can fill-in-the-blank provide in the passage. Left image is denoted by [0] and right image is denoted by [1],1,0,Image [0]
1732,Select an image from the following choices that can fill-in-the-blank provide in the passage. Left image is denoted by [0] and right image is denoted by [1],0,0,Image [0]
1733,Select an image from the following choices that can fill-in-the-blank provide in the passage. Left image is denoted by [0] and right image is denoted by [1],1,0,Image [0]
1734,Select an image from the following choices that can fill-in-the-blank provide in the passage. Left image is denoted by [0] and right image is denoted by [1],0,0,Image [0]
1735,Select an image from the following choices that can fill-in-the-blank provide in the passage. Left image is denoted by [0] and right image is denoted by [1],1,0,Image [0]
1736,Select an image from the following choices that can fill-in-the-blank provide in the passage. Left image is denoted by [0] and right image is denoted by [1],1,0,Image [0]
1737,Select an image from the following choices that can fill-in-the-blank provide in the passage. Left image is denoted by [0] and right image is denoted by [1],1,0,Image [0]
1738,Select an image from the following choices that can fill-in-the-blank provide in the passage. Left image is denoted by [0] and right image is denoted by [1],1,0,Image [0]
1739,Select an image from the following choices that can fill-in-the-blank provide in the passage. Left image is denoted by [0] and right image is denoted by [1],0,0,Image [0]
1740,Select an image from the following choices that can fill-in-the-blank provide in the passage. Left image is denoted by [0] and right image is denoted by [1],0,0,Image [0]
1741,Select an image from the following choices that can fill-in-the-blank provide in the passage. Left image is denoted by [0] and right image is denoted by [1],1,0,Image [0]
1742,Select an image from the following choices that can fill-in-the-blank provide in the passage. Left image is denoted by [0] and right image is denoted by [1],0,0,Image [0]
1743,Select an image from the following choices that can fill-in-the-blank provide in the passage. Left image is denoted by [0] and right image is denoted by [1],0,0,Image [0]
1744,Select an image from the following choices that can fill-in-the-blank provide in the passage. Left image is denoted by [0] and right image is denoted by [1],1,0,Image [0]
1745,Select an image from the following choices that can fill-in-the-blank provide in the passage. Left image is denoted by [0] and right image is denoted by [1],0,0,Image [0]
1746,Select an image from the following choices that can fill-in-the-blank provide in the passage. Left image is denoted by [0] and right image is denoted by [1],0,0,Image [0]
1747,Select an image from the following choices that can fill-in-the-blank provide in the passage. Left image is denoted by [0] and right image is denoted by [1],1,0,Image [0]
1748,Select an image from the following choices that can fill-in-the-blank provide in the passage. Left image is denoted by [0] and right image is denoted by [1],1,0,Image [0]
1749,Select an image from the following choices that can fill-in-the-blank provide in the passage. Left image is denoted by [0] and right image is denoted by [1],0,0,Image [0]
1750,Select an image from the following choices that can fill-in-the-blank provide in the passage. Left image is denoted by [0] and right image is denoted by [1],0,0,Image [0]
1751,Select an image from the following choices that can fill-in-the-blank provide in the passage. Left image is denoted by [0] and right image is denoted by [1],0,0,Image [0]
1752,Select an image from the following choices that can fill-in-the-blank provide in the passage. Left image is denoted by [0] and right image is denoted by [1],1,0,Image [0]
1753,Select an image from the following choices that can fill-in-the-blank provide in the passage. Left image is denoted by [0] and right image is denoted by [1],0,0,Image [0]
1754,Select an image from the following choices that can fill-in-the-blank provide in the passage. Left image is denoted by [0] and right image is denoted by [1],0,0,Image [0]
1755,Select an image from the following choices that can fill-in-the-blank provide in the passage. Left image is denoted by [0] and right image is denoted by [1],0,0,Image [0]
1756,Select an image from the following choices that can fill-in-the-blank provide in the passage. Left image is denoted by [0] and right image is denoted by [1],0,0,Image [0]
1757,Select an image from the following choices that can fill-in-the-blank provide in the passage. Left image is denoted by [0] and right image is denoted by [1],0,0,Image [0]
1758,Select an image from the following choices that can fill-in-the-blank provide in the passage. Left image is denoted by [0] and right image is denoted by [1],0,0,Image [0]
1759,Select an image from the following choices that can fill-in-the-blank provide in the passage. Left image is denoted by [0] and right image is denoted by [1],0,0,Image [0]
1760,Select an image from the following choices that can fill-in-the-blank provide in the passage. Left image is denoted by [0] and right image is denoted by [1],1,0,Image [0]
1761,Select an image from the following choices that can fill-in-the-blank provide in the passage. Left image is denoted by [0] and right image is denoted by [1],0,0,Image [0]
1762,Select an image from the following choices that can fill-in-the-blank provide in the passage. Left image is denoted by [0] and right image is denoted by [1],0,0,Image [0]
1763,Select an image from the following choices that can fill-in-the-blank provide in the passage. Left image is denoted by [0] and right image is denoted by [1],1,0,Image [0]
1764,Select an image from the following choices that can fill-in-the-blank provide in the passage. Left image is denoted by [0] and right image is denoted by [1],0,0,Image [0]
1765,Select an image from the following choices that can fill-in-the-blank provide in the passage. Left image is denoted by [0] and right image is denoted by [1],1,0,Image [0]
1766,Select an image from the following choices that can fill-in-the-blank provide in the passage. Left image is denoted by [0] and right image is denoted by [1],0,0,Image [0]
1767,Select an image from the following choices that can fill-in-the-blank provide in the passage. Left image is denoted by [0] and right image is denoted by [1],0,0,Image [0]
1768,Select an image from the following choices that can fill-in-the-blank provide in the passage. Left image is denoted by [0] and right image is denoted by [1],0,0,Image [0]
1769,Select an image from the following choices that can fill-in-the-blank provide in the passage. Left image is denoted by [0] and right image is denoted by [1],0,0,Image [0]
1770,Select an image from the following choices that can fill-in-the-blank provide in the passage. Left image is denoted by [0] and right image is denoted by [1],1,0,Image [0]
1771,Select an image from the following choices that can fill-in-the-blank provide in the passage. Left image is denoted by [0] and right image is denoted by [1],1,0,Image [0]
1772,Select an image from the following choices that can fill-in-the-blank provide in the passage. Left image is denoted by [0] and right image is denoted by [1],1,0,Image [0]
1773,Select an image from the following choices that can fill-in-the-blank provide in the passage. Left image is denoted by [0] and right image is denoted by [1],0,0,Image [0]
1774,Select an image from the following choices that can fill-in-the-blank provide in the passage. Left image is denoted by [0] and right image is denoted by [1],1,0,Image [0]
1775,Select an image from the following choices that can fill-in-the-blank provide in the passage. Left image is denoted by [0] and right image is denoted by [1],0,0,Image [0]
1776,Select an image from the following choices that can fill-in-the-blank provide in the passage. Left image is denoted by [0] and right image is denoted by [1],0,0,Image [0]
1777,Select an image from the following choices that can fill-in-the-blank provide in the passage. Left image is denoted by [0] and right image is denoted by [1],1,0,Image [0]
1778,Select an image from the following choices that can fill-in-the-blank provide in the passage. Left image is denoted by [0] and right image is denoted by [1],1,0,Image [0]
1779,Select an image from the following choices that can fill-in-the-blank provide in the passage. Left image is denoted by [0] and right image is denoted by [1],1,0,Image [0]
1780,Select an image from the following choices that can fill-in-the-blank provide in the passage. Left image is denoted by [0] and right image is denoted by [1],1,0,Image [0]
1781,Select an image from the following choices that can fill-in-the-blank provide in the passage. Left image is denoted by [0] and right image is denoted by [1],1,0,Image [0]
1782,Select an image from the following choices that can fill-in-the-blank provide in the passage. Left image is denoted by [0] and right image is denoted by [1],0,0,Image [0]
1783,Select an image from the following choices that can fill-in-the-blank provide in the passage. Left image is denoted by [0] and right image is denoted by [1],0,0,Image [0]
1784,Select an image from the following choices that can fill-in-the-blank provide in the passage. Left image is denoted by [0] and right image is denoted by [1],1,0,Image [0]
1785,Select an image from the following choices that can fill-in-the-blank provide in the passage. Left image is denoted by [0] and right image is denoted by [1],1,0,Image [0]
1786,Select an image from the following choices that can fill-in-the-blank provide in the passage. Left image is denoted by [0] and right image is denoted by [1],0,0,Image [0]
1787,Select an image from the following choices that can fill-in-the-blank provide in the passage. Left image is denoted by [0] and right image is denoted by [1],1,0,Image [0]
1788,Select an image from the following choices that can fill-in-the-blank provide in the passage. Left image is denoted by [0] and right image is denoted by [1],0,0,Image [0]
1789,Select an image from the following choices that can fill-in-the-blank provide in the passage. Left image is denoted by [0] and right image is denoted by [1],0,0,Image [0]
1790,Select an image from the following choices that can fill-in-the-blank provide in the passage. Left image is denoted by [0] and right image is denoted by [1],1,0,Image [0]
1791,Select an image from the following choices that can fill-in-the-blank provide in the passage. Left image is denoted by [0] and right image is denoted by [1],1,0,Image [0]
1792,Select an image from the following choices that can fill-in-the-blank provide in the passage. Left image is denoted by [0] and right image is denoted by [1],0,0,Image [0]
1793,Select an image from the following choices that can fill-in-the-blank provide in the passage. Left image is denoted by [0] and right image is denoted by [1],0,0,Image [0]
1794,Select an image from the following choices that can fill-in-the-blank provide in the passage. Left image is denoted by [0] and right image is denoted by [1],1,0,Image [0]
1795,Select an image from the following choices that can fill-in-the-blank provide in the passage. Left image is denoted by [0] and right image is denoted by [1],0,0,Image [0]
1796,Select an image from the following choices that can fill-in-the-blank provide in the passage. Left image is denoted by [0] and right image is denoted by [1],0,0,Image [0]
1797,Select an image from the following choices that can fill-in-the-blank provide in the passage. Left image is denoted by [0] and right image is denoted by [1],0,0,Image [0]
1798,Select an image from the following choices that can fill-in-the-blank provide in the passage. Left image is denoted by [0] and right image is denoted by [1],1,0,Image [0]
1799,Select an image from the following choices that can fill-in-the-blank provide in the passage. Left image is denoted by [0] and right image is denoted by [1],0,0,Image [0]
1800,Select an image from the following choices that can fill-in-the-blank provide in the passage. Left image is denoted by [0] and right image is denoted by [1],0,0,Image [0]
1801,Select an image from the following choices that can fill-in-the-blank provide in the passage. Left image is denoted by [0] and right image is denoted by [1],1,0,Image [0]
1802,Select an image from the following choices that can fill-in-the-blank provide in the passage. Left image is denoted by [0] and right image is denoted by [1],0,0,Image [0]
1803,Select an image from the following choices that can fill-in-the-blank provide in the passage. Left image is denoted by [0] and right image is denoted by [1],1,0,Image [0]
1804,Select an image from the following choices that can fill-in-the-blank provide in the passage. Left image is denoted by [0] and right image is denoted by [1],1,0,Image [0]
1805,Select an image from the following choices that can fill-in-the-blank provide in the passage. Left image is denoted by [0] and right image is denoted by [1],0,0,Image [0]
1806,Select an image from the following choices that can fill-in-the-blank provide in the passage. Left image is denoted by [0] and right image is denoted by [1],1,0,Image [0]
1807,Select an image from the following choices that can fill-in-the-blank provide in the passage. Left image is denoted by [0] and right image is denoted by [1],1,0,Image [0]
1808,Select an image from the following choices that can fill-in-the-blank provide in the passage. Left image is denoted by [0] and right image is denoted by [1],1,0,Image [0]
1809,Select an image from the following choices that can fill-in-the-blank provide in the passage. Left image is denoted by [0] and right image is denoted by [1],0,0,Image [0]
1810,Select an image from the following choices that can fill-in-the-blank provide in the passage. Left image is denoted by [0] and right image is denoted by [1],1,0,Image [0]
1811,Select an image from the following choices that can fill-in-the-blank provide in the passage. Left image is denoted by [0] and right image is denoted by [1],0,0,Image [0]
1812,Select an image from the following choices that can fill-in-the-blank provide in the passage. Left image is denoted by [0] and right image is denoted by [1],0,0,Image [0]
1813,Select an image from the following choices that can fill-in-the-blank provide in the passage. Left image is denoted by [0] and right image is denoted by [1],0,0,Image [0]
1814,Select an image from the following choices that can fill-in-the-blank provide in the passage. Left image is denoted by [0] and right image is denoted by [1],0,0,Image [0]
1815,Select an image from the following choices that can fill-in-the-blank provide in the passage. Left image is denoted by [0] and right image is denoted by [1],0,0,Image [0]
1816,Select an image from the following choices that can fill-in-the-blank provide in the passage. Left image is denoted by [0] and right image is denoted by [1],1,0,Image [0]
1817,Select an image from the following choices that can fill-in-the-blank provide in the passage. Left image is denoted by [0] and right image is denoted by [1],1,0,Image [0]
1818,Select an image from the following choices that can fill-in-the-blank provide in the passage. Left image is denoted by [0] and right image is denoted by [1],0,0,Image [0]
1819,Select an image from the following choices that can fill-in-the-blank provide in the passage. Left image is denoted by [0] and right image is denoted by [1],1,0,Image [0]
1820,Select an image from the following choices that can fill-in-the-blank provide in the passage. Left image is denoted by [0] and right image is denoted by [1],1,0,Image [0]
1821,Select an image from the following choices that can fill-in-the-blank provide in the passage. Left image is denoted by [0] and right image is denoted by [1],1,0,Image [0]
1822,Select an image from the following choices that can fill-in-the-blank provide in the passage. Left image is denoted by [0] and right image is denoted by [1],0,0,Image [0]
1823,Select an image from the following choices that can fill-in-the-blank provide in the passage. Left image is denoted by [0] and right image is denoted by [1],0,0,Image [0]
1824,Select an image from the following choices that can fill-in-the-blank provide in the passage. Left image is denoted by [0] and right image is denoted by [1],1,0,Image [0]
1825,Select an image from the following choices that can fill-in-the-blank provide in the passage. Left image is denoted by [0] and right image is denoted by [1],1,0,Image [0]
1826,Select an image from the following choices that can fill-in-the-blank provide in the passage. Left image is denoted by [0] and right image is denoted by [1],1,0,Image [0]
1827,Select an image from the following choices that can fill-in-the-blank provide in the passage. Left image is denoted by [0] and right image is denoted by [1],1,0,Image [0]
1828,Select an image from the following choices that can fill-in-the-blank provide in the passage. Left image is denoted by [0] and right image is denoted by [1],0,0,Image [0]
1829,Select an image from the following choices that can fill-in-the-blank provide in the passage. Left image is denoted by [0] and right image is denoted by [1],0,0,Image [0]
1830,Select an image from the following choices that can fill-in-the-blank provide in the passage. Left image is denoted by [0] and right image is denoted by [1],1,0,Image [0]
1831,Select an image from the following choices that can fill-in-the-blank provide in the passage. Left image is denoted by [0] and right image is denoted by [1],1,0,Image [0]
1832,Select an image from the following choices that can fill-in-the-blank provide in the passage. Left image is denoted by [0] and right image is denoted by [1],1,0,Image [0]
1833,Select an image from the following choices that can fill-in-the-blank provide in the passage. Left image is denoted by [0] and right image is denoted by [1],0,0,Image [0]
1834,Select an image from the following choices that can fill-in-the-blank provide in the passage. Left image is denoted by [0] and right image is denoted by [1],0,0,Image [0]
1835,Select an image from the following choices that can fill-in-the-blank provide in the passage. Left image is denoted by [0] and right image is denoted by [1],1,0,Image [0]
1836,Select an image from the following choices that can fill-in-the-blank provide in the passage. Left image is denoted by [0] and right image is denoted by [1],0,0,Image [0]
1837,Select an image from the following choices that can fill-in-the-blank provide in the passage. Left image is denoted by [0] and right image is denoted by [1],1,0,Image [0]
1838,Select an image from the following choices that can fill-in-the-blank provide in the passage. Left image is denoted by [0] and right image is denoted by [1],1,0,Image [0]
1839,Select an image from the following choices that can fill-in-the-blank provide in the passage. Left image is denoted by [0] and right image is denoted by [1],1,0,Image [0]
1840,Select an image from the following choices that can fill-in-the-blank provide in the passage. Left image is denoted by [0] and right image is denoted by [1],0,0,Image [0]
1841,Select an image from the following choices that can fill-in-the-blank provide in the passage. Left image is denoted by [0] and right image is denoted by [1],0,0,Image [0]
1842,Select an image from the following choices that can fill-in-the-blank provide in the passage. Left image is denoted by [0] and right image is denoted by [1],1,0,Image [0]
1843,Select an image from the following choices that can fill-in-the-blank provide in the passage. Left image is denoted by [0] and right image is denoted by [1],1,0,Image [0]
1844,Select an image from the following choices that can fill-in-the-blank provide in the passage. Left image is denoted by [0] and right image is denoted by [1],1,0,Image [0]
1845,Select an image from the following choices that can fill-in-the-blank provide in the passage. Left image is denoted by [0] and right image is denoted by [1],0,0,Image [0]
1846,Select an image from the following choices that can fill-in-the-blank provide in the passage. Left image is denoted by [0] and right image is denoted by [1],0,0,Image [0]
1847,Select an image from the following choices that can fill-in-the-blank provide in the passage. Left image is denoted by [0] and right image is denoted by [1],0,0,Image [0]
1848,Select an image from the following choices that can fill-in-the-blank provide in the passage. Left image is denoted by [0] and right image is denoted by [1],0,0,Image [0]
1849,Select an image from the following choices that can fill-in-the-blank provide in the passage. Left image is denoted by [0] and right image is denoted by [1],1,0,Image [0]
1850,Select an image from the following choices that can fill-in-the-blank provide in the passage. Left image is denoted by [0] and right image is denoted by [1],0,0,Image [0]
1851,Select an image from the following choices that can fill-in-the-blank provide in the passage. Left image is denoted by [0] and right image is denoted by [1],1,0,Image [0]
1852,Select an image from the following choices that can fill-in-the-blank provide in the passage. Left image is denoted by [0] and right image is denoted by [1],1,0,Image [0]
1853,Select an image from the following choices that can fill-in-the-blank provide in the passage. Left image is denoted by [0] and right image is denoted by [1],1,0,Image [0]
1854,Select an image from the following choices that can fill-in-the-blank provide in the passage. Left image is denoted by [0] and right image is denoted by [1],1,0,Image [0]
1855,Select an image from the following choices that can fill-in-the-blank provide in the passage. Left image is denoted by [0] and right image is denoted by [1],0,0,Image [0]
1856,Select an image from the following choices that can fill-in-the-blank provide in the passage. Left image is denoted by [0] and right image is denoted by [1],0,0,Image [0]
1857,Select an image from the following choices that can fill-in-the-blank provide in the passage. Left image is denoted by [0] and right image is denoted by [1],0,0,Image [0]
1858,Select an image from the following choices that can fill-in-the-blank provide in the passage. Left image is denoted by [0] and right image is denoted by [1],1,0,Image [0]
1859,Select an image from the following choices that can fill-in-the-blank provide in the passage. Left image is denoted by [0] and right image is denoted by [1],0,0,Image [0]
1860,Select an image from the following choices that can fill-in-the-blank provide in the passage. Left image is denoted by [0] and right image is denoted by [1],0,0,Image [0]
1861,Select an image from the following choices that can fill-in-the-blank provide in the passage. Left image is denoted by [0] and right image is denoted by [1],0,0,Image [0]
1862,Select an image from the following choices that can fill-in-the-blank provide in the passage. Left image is denoted by [0] and right image is denoted by [1],0,0,Image [0]
1863,Select an image from the following choices that can fill-in-the-blank provide in the passage. Left image is denoted by [0] and right image is denoted by [1],0,0,Image [0]
1864,Select an image from the following choices that can fill-in-the-blank provide in the passage. Left image is denoted by [0] and right image is denoted by [1],1,0,Image [0]
1865,Select an image from the following choices that can fill-in-the-blank provide in the passage. Left image is denoted by [0] and right image is denoted by [1],1,0,Image [0]
1866,Select an image from the following choices that can fill-in-the-blank provide in the passage. Left image is denoted by [0] and right image is denoted by [1],1,0,Image [0]
1867,Select an image from the following choices that can fill-in-the-blank provide in the passage. Left image is denoted by [0] and right image is denoted by [1],0,0,Image [0]
1868,Select an image from the following choices that can fill-in-the-blank provide in the passage. Left image is denoted by [0] and right image is denoted by [1],0,0,Image [0]
1869,Select an image from the following choices that can fill-in-the-blank provide in the passage. Left image is denoted by [0] and right image is denoted by [1],1,0,Image [0]
1870,Select an image from the following choices that can fill-in-the-blank provide in the passage. Left image is denoted by [0] and right image is denoted by [1],0,0,Image [0]
1871,Select an image from the following choices that can fill-in-the-blank provide in the passage. Left image is denoted by [0] and right image is denoted by [1],1,0,Image [0]
1872,Select an image from the following choices that can fill-in-the-blank provide in the passage. Left image is denoted by [0] and right image is denoted by [1],0,0,Image [0]
1873,Select an image from the following choices that can fill-in-the-blank provide in the passage. Left image is denoted by [0] and right image is denoted by [1],1,0,Image [0]
1874,Select an image from the following choices that can fill-in-the-blank provide in the passage. Left image is denoted by [0] and right image is denoted by [1],1,0,Image [0]
1875,Select an image from the following choices that can fill-in-the-blank provide in the passage. Left image is denoted by [0] and right image is denoted by [1],0,0,Image [0]
1876,Select an image from the following choices that can fill-in-the-blank provide in the passage. Left image is denoted by [0] and right image is denoted by [1],0,0,Image [0]
1877,Select an image from the following choices that can fill-in-the-blank provide in the passage. Left image is denoted by [0] and right image is denoted by [1],1,0,Image [0]
1878,Select an image from the following choices that can fill-in-the-blank provide in the passage. Left image is denoted by [0] and right image is denoted by [1],0,0,Image [0]
1879,Select an image from the following choices that can fill-in-the-blank provide in the passage. Left image is denoted by [0] and right image is denoted by [1],0,0,Image [0]
1880,Select an image from the following choices that can fill-in-the-blank provide in the passage. Left image is denoted by [0] and right image is denoted by [1],0,0,Image [0]
1881,Select an image from the following choices that can fill-in-the-blank provide in the passage. Left image is denoted by [0] and right image is denoted by [1],1,0,Image [0]
1882,Select an image from the following choices that can fill-in-the-blank provide in the passage. Left image is denoted by [0] and right image is denoted by [1],1,0,Image [0]
1883,Select an image from the following choices that can fill-in-the-blank provide in the passage. Left image is denoted by [0] and right image is denoted by [1],1,0,Image [0]
1884,Select an image from the following choices that can fill-in-the-blank provide in the passage. Left image is denoted by [0] and right image is denoted by [1],0,0,Image [0]
1885,Select an image from the following choices that can fill-in-the-blank provide in the passage. Left image is denoted by [0] and right image is denoted by [1],1,0,Image [0]
1886,Select an image from the following choices that can fill-in-the-blank provide in the passage. Left image is denoted by [0] and right image is denoted by [1],1,0,Image [0]
1887,Select an image from the following choices that can fill-in-the-blank provide in the passage. Left image is denoted by [0] and right image is denoted by [1],1,0,Image [0]
1888,Select an image from the following choices that can fill-in-the-blank provide in the passage. Left image is denoted by [0] and right image is denoted by [1],1,0,Image [0]
1889,Select an image from the following choices that can fill-in-the-blank provide in the passage. Left image is denoted by [0] and right image is denoted by [1],1,0,Image [0]
1890,Select an image from the following choices that can fill-in-the-blank provide in the passage. Left image is denoted by [0] and right image is denoted by [1],1,0,Image [0]
1891,Select an image from the following choices that can fill-in-the-blank provide in the passage. Left image is denoted by [0] and right image is denoted by [1],1,0,Image [0]
1892,Select an image from the following choices that can fill-in-the-blank provide in the passage. Left image is denoted by [0] and right image is denoted by [1],1,0,Image [0]
1893,Select an image from the following choices that can fill-in-the-blank provide in the passage. Left image is denoted by [0] and right image is denoted by [1],0,0,Image [0]
1894,Select an image from the following choices that can fill-in-the-blank provide in the passage. Left image is denoted by [0] and right image is denoted by [1],1,0,Image [0]
1895,Select an image from the following choices that can fill-in-the-blank provide in the passage. Left image is denoted by [0] and right image is denoted by [1],1,0,Image [0]
1896,Select an image from the following choices that can fill-in-the-blank provide in the passage. Left image is denoted by [0] and right image is denoted by [1],0,0,Image [0]
1897,Select an image from the following choices that can fill-in-the-blank provide in the passage. Left image is denoted by [0] and right image is denoted by [1],1,0,Image [0]
1898,Select an image from the following choices that can fill-in-the-blank provide in the passage. Left image is denoted by [0] and right image is denoted by [1],1,0,Image [0]
1899,Select an image from the following choices that can fill-in-the-blank provide in the passage. Left image is denoted by [0] and right image is denoted by [1],1,0,Image [0]
1900,Select an image from the following choices that can fill-in-the-blank provide in the passage. Left image is denoted by [0] and right image is denoted by [1],0,0,Image [0]
1901,Select an image from the following choices that can fill-in-the-blank provide in the passage. Left image is denoted by [0] and right image is denoted by [1],1,0,Image [0]
1902,Select an image from the following choices that can fill-in-the-blank provide in the passage. Left image is denoted by [0] and right image is denoted by [1],1,0,Image [0]
1903,Select an image from the following choices that can fill-in-the-blank provide in the passage. Left image is denoted by [0] and right image is denoted by [1],0,0,Image [0]
1904,Select an image from the following choices that can fill-in-the-blank provide in the passage. Left image is denoted by [0] and right image is denoted by [1],0,0,Image [0]
1905,Select an image from the following choices that can fill-in-the-blank provide in the passage. Left image is denoted by [0] and right image is denoted by [1],1,0,Image [0]
1906,Select an image from the following choices that can fill-in-the-blank provide in the passage. Left image is denoted by [0] and right image is denoted by [1],0,0,Image [0]
1907,Select an image from the following choices that can fill-in-the-blank provide in the passage. Left image is denoted by [0] and right image is denoted by [1],1,0,Image [0]
1908,Select an image from the following choices that can fill-in-the-blank provide in the passage. Left image is denoted by [0] and right image is denoted by [1],0,0,Image [0]
1909,Select an image from the following choices that can fill-in-the-blank provide in the passage. Left image is denoted by [0] and right image is denoted by [1],1,0,Image [0]
1910,Select an image from the following choices that can fill-in-the-blank provide in the passage. Left image is denoted by [0] and right image is denoted by [1],0,0,Image [0]
1911,Select an image from the following choices that can fill-in-the-blank provide in the passage. Left image is denoted by [0] and right image is denoted by [1],0,0,Image [0]
1912,Select an image from the following choices that can fill-in-the-blank provide in the passage. Left image is denoted by [0] and right image is denoted by [1],1,0,Image [0]
1913,Select an image from the following choices that can fill-in-the-blank provide in the passage. Left image is denoted by [0] and right image is denoted by [1],0,0,Image [0]
1914,Select an image from the following choices that can fill-in-the-blank provide in the passage. Left image is denoted by [0] and right image is denoted by [1],1,0,Image [0]
1915,Select an image from the following choices that can fill-in-the-blank provide in the passage. Left image is denoted by [0] and right image is denoted by [1],0,0,Image [0]
1916,Select an image from the following choices that can fill-in-the-blank provide in the passage. Left image is denoted by [0] and right image is denoted by [1],0,0,Image [0]
1917,Select an image from the following choices that can fill-in-the-blank provide in the passage. Left image is denoted by [0] and right image is denoted by [1],1,0,Image [0]
1918,Select an image from the following choices that can fill-in-the-blank provide in the passage. Left image is denoted by [0] and right image is denoted by [1],1,0,Image [0]
1919,Select an image from the following choices that can fill-in-the-blank provide in the passage. Left image is denoted by [0] and right image is denoted by [1],0,0,Image [0]
1920,Select an image from the following choices that can fill-in-the-blank provide in the passage. Left image is denoted by [0] and right image is denoted by [1],0,0,Image [0]
1921,Select an image from the following choices that can fill-in-the-blank provide in the passage. Left image is denoted by [0] and right image is denoted by [1],1,0,Image [0]
1922,Select an image from the following choices that can fill-in-the-blank provide in the passage. Left image is denoted by [0] and right image is denoted by [1],1,0,Image [0]
1923,Select an image from the following choices that can fill-in-the-blank provide in the passage. Left image is denoted by [0] and right image is denoted by [1],0,0,Image [0]
1924,Select an image from the following choices that can fill-in-the-blank provide in the passage. Left image is denoted by [0] and right image is denoted by [1],1,0,Image [0]
1925,Select an image from the following choices that can fill-in-the-blank provide in the passage. Left image is denoted by [0] and right image is denoted by [1],0,0,Image [0]
1926,Select an image from the following choices that can fill-in-the-blank provide in the passage. Left image is denoted by [0] and right image is denoted by [1],0,0,Image [0]
1927,Select an image from the following choices that can fill-in-the-blank provide in the passage. Left image is denoted by [0] and right image is denoted by [1],0,0,Image [0]
1928,Select an image from the following choices that can fill-in-the-blank provide in the passage. Left image is denoted by [0] and right image is denoted by [1],1,0,Image [0]
1929,Select an image from the following choices that can fill-in-the-blank provide in the passage. Left image is denoted by [0] and right image is denoted by [1],0,0,Image [0]
1930,Select an image from the following choices that can fill-in-the-blank provide in the passage. Left image is denoted by [0] and right image is denoted by [1],0,0,Image [0]
1931,Select an image from the following choices that can fill-in-the-blank provide in the passage. Left image is denoted by [0] and right image is denoted by [1],1,0,Image [0]
1932,Select an image from the following choices that can fill-in-the-blank provide in the passage. Left image is denoted by [0] and right image is denoted by [1],0,0,Image [0]
1933,Select an image from the following choices that can fill-in-the-blank provide in the passage. Left image is denoted by [0] and right image is denoted by [1],1,0,Image [0]
1934,Select an image from the following choices that can fill-in-the-blank provide in the passage. Left image is denoted by [0] and right image is denoted by [1],0,0,Image [0]
1935,Select an image from the following choices that can fill-in-the-blank provide in the passage. Left image is denoted by [0] and right image is denoted by [1],0,0,Image [0]
1936,Select an image from the following choices that can fill-in-the-blank provide in the passage. Left image is denoted by [0] and right image is denoted by [1],0,0,Image [0]
1937,Select an image from the following choices that can fill-in-the-blank provide in the passage. Left image is denoted by [0] and right image is denoted by [1],0,0,Image [0]
1938,Select an image from the following choices that can fill-in-the-blank provide in the passage. Left image is denoted by [0] and right image is denoted by [1],0,0,Image [0]
1939,Select an image from the following choices that can fill-in-the-blank provide in the passage. Left image is denoted by [0] and right image is denoted by [1],0,0,Image [0]
1940,Select an image from the following choices that can fill-in-the-blank provide in the passage. Left image is denoted by [0] and right image is denoted by [1],1,0,Image [0]
1941,Select an image from the following choices that can fill-in-the-blank provide in the passage. Left image is denoted by [0] and right image is denoted by [1],0,0,Image [0]
1942,Select an image from the following choices that can fill-in-the-blank provide in the passage. Left image is denoted by [0] and right image is denoted by [1],0,0,Image [0]
1943,Select an image from the following choices that can fill-in-the-blank provide in the passage. Left image is denoted by [0] and right image is denoted by [1],1,0,Image [0]
1944,Select an image from the following choices that can fill-in-the-blank provide in the passage. Left image is denoted by [0] and right image is denoted by [1],0,0,Image [0]
1945,Select an image from the following choices that can fill-in-the-blank provide in the passage. Left image is denoted by [0] and right image is denoted by [1],1,0,Image [0]
1946,Select an image from the following choices that can fill-in-the-blank provide in the passage. Left image is denoted by [0] and right image is denoted by [1],1,0,Image [0]
1947,Select an image from the following choices that can fill-in-the-blank provide in the passage. Left image is denoted by [0] and right image is denoted by [1],1,0,Image [0]
1948,Select an image from the following choices that can fill-in-the-blank provide in the passage. Left image is denoted by [0] and right image is denoted by [1],1,0,Image [0]
1949,Select an image from the following choices that can fill-in-the-blank provide in the passage. Left image is denoted by [0] and right image is denoted by [1],0,0,Image [0]
1950,Select an image from the following choices that can fill-in-the-blank provide in the passage. Left image is denoted by [0] and right image is denoted by [1],0,0,Image [0]
1951,Select an image from the following choices that can fill-in-the-blank provide in the passage. Left image is denoted by [0] and right image is denoted by [1],0,0,Image [0]
1952,Select an image from the following choices that can fill-in-the-blank provide in the passage. Left image is denoted by [0] and right image is denoted by [1],1,0,Image [0]
1953,Select an image from the following choices that can fill-in-the-blank provide in the passage. Left image is denoted by [0] and right image is denoted by [1],0,0,Image [0]
1954,Select an image from the following choices that can fill-in-the-blank provide in the passage. Left image is denoted by [0] and right image is denoted by [1],0,0,Image [0]
1955,Select an image from the following choices that can fill-in-the-blank provide in the passage. Left image is denoted by [0] and right image is denoted by [1],1,0,Image [0]
1956,Select an image from the following choices that can fill-in-the-blank provide in the passage. Left image is denoted by [0] and right image is denoted by [1],1,0,Image [0]
1957,Select an image from the following choices that can fill-in-the-blank provide in the passage. Left image is denoted by [0] and right image is denoted by [1],1,0,Image [0]
1958,Select an image from the following choices that can fill-in-the-blank provide in the passage. Left image is denoted by [0] and right image is denoted by [1],0,0,Image [0]
1959,Select an image from the following choices that can fill-in-the-blank provide in the passage. Left image is denoted by [0] and right image is denoted by [1],0,0,Image [0]
1960,Select an image from the following choices that can fill-in-the-blank provide in the passage. Left image is denoted by [0] and right image is denoted by [1],0,0,Image [0]
1961,Select an image from the following choices that can fill-in-the-blank provide in the passage. Left image is denoted by [0] and right image is denoted by [1],1,0,Image [0]
1962,Select an image from the following choices that can fill-in-the-blank provide in the passage. Left image is denoted by [0] and right image is denoted by [1],0,0,Image [0]
1963,Select an image from the following choices that can fill-in-the-blank provide in the passage. Left image is denoted by [0] and right image is denoted by [1],0,0,Image [0]
1964,Select an image from the following choices that can fill-in-the-blank provide in the passage. Left image is denoted by [0] and right image is denoted by [1],0,0,Image [0]
1965,Select an image from the following choices that can fill-in-the-blank provide in the passage. Left image is denoted by [0] and right image is denoted by [1],0,0,Image [0]
